﻿Series Name,Series Code,Country Name,Country Code,1990 [YR1990],2000 [YR2000],2011 [YR2011],2012 [YR2012],2013 [YR2013],2014 [YR2014],2015 [YR2015],2016 [YR2016],2017 [YR2017],2018 [YR2018],2019 [YR2019],2020 [YR2020]
Emisiones de gases de efecto invernadero totales (kt de equivalente de CO2),EN.ATM.GHGT.KT.CE,,AFE,838050,948360,1342560,1381860,1406900,1436410,1436770,1457530,1471620,1478910,..,..
Emisiones de gases de efecto invernadero totales (kt de equivalente de CO2),EN.ATM.GHGT.KT.CE,,AFW,398170,553740,723970,740720,771100,790820,805370,835230,848650,881570,..,..
Emisiones de gases de efecto invernadero totales (kt de equivalente de CO2),EN.ATM.GHGT.KT.CE,El mundo árabe,ARB,985720,1380740,2174340,2285760,2318020,2395260,2438650,2479110,2518170,2538650,..,..
Emisiones de gases de efecto invernadero totales (kt de equivalente de CO2),EN.ATM.GHGT.KT.CE,Estados pequeos del Caribe,CSS,44920,44910,56360,58520,57700,57020,56680,53830,53410,55020,..,..
Emisiones de gases de efecto invernadero totales (kt de equivalente de CO2),EN.ATM.GHGT.KT.CE,Europa Central y del Báltico,CEB,1280490,916490,902300,873260,845980,825390,837450,847240,870180,864510,..,..
Emisiones de gases de efecto invernadero totales (kt de equivalente de CO2),EN.ATM.GHGT.KT.CE,inicial del dividendo demográfico,EAR,5111810,6843630,9628480,9918090,10024290,10389760,10487860,10669040,10990740,11238210,..,..
Emisiones de gases de efecto invernadero totales (kt de equivalente de CO2),EN.ATM.GHGT.KT.CE,Asia oriental y el Pacífico,EAS,6521270,8747770,15983960,16400380,16796060,16864800,16917810,16961500,17288890,17659720,..,..
Emisiones de gases de efecto invernadero totales (kt de equivalente de CO2),EN.ATM.GHGT.KT.CE,Asia oriental y el Pacífico (excluido altos ingresos),EAP,4429070,6203940,13199210,13569140,14042280,14146220,14211920,14272540,14558660,14973700,..,..
Emisiones de gases de efecto invernadero totales (kt de equivalente de CO2),EN.ATM.GHGT.KT.CE,Asia oriental y el Pacífico (BIRF y la AIF),TEA,4270180,6114620,13139830,13508020,13991740,14091980,14163800,14219440,14513030,14932190,..,..
Emisiones de gases de efecto invernadero totales (kt de equivalente de CO2),EN.ATM.GHGT.KT.CE,Zona del Euro,EMU,3332670,3268620,2947750,2918990,2871140,2745520,2789940,2781400,2776940,2716570,..,..
Emisiones de gases de efecto invernadero totales (kt de equivalente de CO2),EN.ATM.GHGT.KT.CE,Europa y Asia central,ECS,10899540,8639930,8826700,8804070,8673230,8405960,8360550,8398580,8450300,8425290,..,..
Emisiones de gases de efecto invernadero totales (kt de equivalente de CO2),EN.ATM.GHGT.KT.CE,Europa y Asia central (excluido altos ingresos),ECA,5830400,3836410,4506620,4515530,4464930,4389600,4308420,4362740,4422160,4472930,..,..
Emisiones de gases de efecto invernadero totales (kt de equivalente de CO2),EN.ATM.GHGT.KT.CE,Europa y Asia central (BIRF y la AIF),TEC,6301400,4233970,4920270,4920260,4863190,4774060,4697360,4762660,4835630,4885130,..,..
Emisiones de gases de efecto invernadero totales (kt de equivalente de CO2),EN.ATM.GHGT.KT.CE,Unión Europea,EUU,4555240,4209000,3849510,3788200,3711450,3565620,3621560,3622340,3635650,3567090,..,..
Emisiones de gases de efecto invernadero totales (kt de equivalente de CO2),EN.ATM.GHGT.KT.CE,Frágiles y situaciones de conflicto afectados,FCS,1218750,1485280,1934470,2008160,2048190,2088180,2063350,2100530,2129790,2178820,..,..
Emisiones de gases de efecto invernadero totales (kt de equivalente de CO2),EN.ATM.GHGT.KT.CE,Países pobres muy endeudados (PPME),HPC,618150,821260,1142330,1193890,1242730,1287320,1340890,1384290,1400670,1427120,..,..
Emisiones de gases de efecto invernadero totales (kt de equivalente de CO2),EN.ATM.GHGT.KT.CE,Ingreso alto,HIC,14160640,15617400,15287650,15138710,15164560,15013220,14971270,14848520,14841780,14899650,..,..
Emisiones de gases de efecto invernadero totales (kt de equivalente de CO2),EN.ATM.GHGT.KT.CE,Sólo BIRF,IBD,14447470,15598650,25612840,26265630,26829890,27090890,27068200,27222310,27745020,28366540,..,..
Emisiones de gases de efecto invernadero totales (kt de equivalente de CO2),EN.ATM.GHGT.KT.CE,BIRF y la AIF,IBT,16037780,17549070,28208270,28909410,29542690,29874230,29916640,30173010,30772000,31474040,..,..
Emisiones de gases de efecto invernadero totales (kt de equivalente de CO2),EN.ATM.GHGT.KT.CE,mezcla de la AIF,IDB,665550,823070,1041260,1037850,1068870,1089110,1102750,1147290,1180180,1223330,..,..
Emisiones de gases de efecto invernadero totales (kt de equivalente de CO2),EN.ATM.GHGT.KT.CE,Sólo AIF,IDX,924760,1127350,1554170,1605930,1643930,1694230,1745690,1803410,1846800,1884170,..,..
Emisiones de gases de efecto invernadero totales (kt de equivalente de CO2),EN.ATM.GHGT.KT.CE,total de la AIF,IDA,1590310,1950420,2595430,2643780,2712800,2783340,2848440,2950700,3026980,3107500,..,..
Emisiones de gases de efecto invernadero totales (kt de equivalente de CO2),EN.ATM.GHGT.KT.CE,avanzada del dividendo demográfico,LTE,9586640,9882350,17778890,18217950,18722310,18733120,18755290,18789010,19080610,19448630,..,..
Emisiones de gases de efecto invernadero totales (kt de equivalente de CO2),EN.ATM.GHGT.KT.CE,América Latina y el Caribe,LCN,1922350,2422030,3070480,3136970,3189730,3223830,3232260,3220170,3205980,3178850,..,..
Emisiones de gases de efecto invernadero totales (kt de equivalente de CO2),EN.ATM.GHGT.KT.CE,América Latina y el Caribe (excluido altos ingresos),LAC,1645250,2067420,2638940,2681340,2727860,2768670,2787040,2786660,2786110,2768270,..,..
Emisiones de gases de efecto invernadero totales (kt de equivalente de CO2),EN.ATM.GHGT.KT.CE,América Latina y el Caribe (BIRF y la AIF),TLA,1862760,2371450,3017670,3082130,3137460,3172570,3181190,3168130,3157240,3130560,..,..
Emisiones de gases de efecto invernadero totales (kt de equivalente de CO2),EN.ATM.GHGT.KT.CE,Países menos desarrollados: clasificación de las Naciones Unidas,LDC,811110,999240,1441370,1497210,1553150,1607010,1658470,1713490,1747540,1772600,..,..
Emisiones de gases de efecto invernadero totales (kt de equivalente de CO2),EN.ATM.GHGT.KT.CE,Ingreso mediano y bajo,LMY,15507940,16936130,27474750,28164440,28784830,29139510,29181020,29444030,30032290,30740280,..,..
Emisiones de gases de efecto invernadero totales (kt de equivalente de CO2),EN.ATM.GHGT.KT.CE,Países de ingreso bajo,LIC,664590,745220,982520,1007320,1011280,1040790,1050770,1087770,1093660,1108360,..,..
Emisiones de gases de efecto invernadero totales (kt de equivalente de CO2),EN.ATM.GHGT.KT.CE,Países de ingreso mediano bajo,LMC,4582200,5384390,7514210,7719030,7844500,8134560,8227670,8411170,8665610,9007720,..,..
Emisiones de gases de efecto invernadero totales (kt de equivalente de CO2),EN.ATM.GHGT.KT.CE,Oriente Medio y Norte de África,MEA,1209040,1810390,2884970,3008480,3052650,3138920,3171900,3216500,3275640,3305530,..,..
Emisiones de gases de efecto invernadero totales (kt de equivalente de CO2),EN.ATM.GHGT.KT.CE,Oriente Medio y Norte de África (excluido altos ingresos),MNA,827190,1200530,1778740,1829400,1842530,1872290,1845120,1871850,1921440,1970250,..,..
Emisiones de gases de efecto invernadero totales (kt de equivalente de CO2),EN.ATM.GHGT.KT.CE,Oriente Medio y Norte de África (BIRF y la AIF),TMN,827190,1200530,1778740,1829400,1842530,1872290,1845120,1871850,1921440,1970250,..,..
Emisiones de gases de efecto invernadero totales (kt de equivalente de CO2),EN.ATM.GHGT.KT.CE, Ingreso mediano,MIC,14843350,16190910,26492230,27157120,27773550,28098720,28130250,28356260,28938630,29631920,..,..
Emisiones de gases de efecto invernadero totales (kt de equivalente de CO2),EN.ATM.GHGT.KT.CE,América del Norte,NAC,6520120,7532910,6904190,6662950,6814090,6841350,6711580,6602470,6552170,6748550,..,..
Emisiones de gases de efecto invernadero totales (kt de equivalente de CO2),EN.ATM.GHGT.KT.CE,No clasificado,INX,..,..,..,..,..,..,..,..,..,..,..,..
Emisiones de gases de efecto invernadero totales (kt de equivalente de CO2),EN.ATM.GHGT.KT.CE,Miembros OCDE,OED,14424840,15885250,15328740,15121720,15102990,14916100,14848340,14752500,14769390,14851080,..,..
Emisiones de gases de efecto invernadero totales (kt de equivalente de CO2),EN.ATM.GHGT.KT.CE,Otros Estados pequeos,OSS,134230,161990,279800,279010,277370,280960,280470,282660,290540,292880,..,..
Emisiones de gases de efecto invernadero totales (kt de equivalente de CO2),EN.ATM.GHGT.KT.CE,Estados pequeos de las Islas del Pacfico,PSS,3510,4610,5460,5490,5730,6050,5710,6290,6470,6720,..,..
Emisiones de gases de efecto invernadero totales (kt de equivalente de CO2),EN.ATM.GHGT.KT.CE,posterior al dividendo demográfico,PST,14276460,14973040,14080690,13847150,13826310,13605880,13441280,13294470,13237560,13324230,..,..
Emisiones de gases de efecto invernadero totales (kt de equivalente de CO2),EN.ATM.GHGT.KT.CE,previa al dividendo demográfico,PRE,872380,1080630,1531940,1597010,1658570,1707370,1736780,1795460,1806560,1860540,..,..
Emisiones de gases de efecto invernadero totales (kt de equivalente de CO2),EN.ATM.GHGT.KT.CE,Pequeños Estados,SST,182660,211510,341620,343020,340800,344030,342860,342780,350420,354620,..,..
Emisiones de gases de efecto invernadero totales (kt de equivalente de CO2),EN.ATM.GHGT.KT.CE,Asia meridional,SAS,1540030,2126400,3285230,3447020,3529770,3736100,3787030,3858170,4024390,4195430,..,..
Emisiones de gases de efecto invernadero totales (kt de equivalente de CO2),EN.ATM.GHGT.KT.CE,Asia meridional (BIRF y la AIF),TSA,1540030,2126400,3285230,3447020,3529770,3736100,3787030,3858170,4024390,4195430,..,..
Emisiones de gases de efecto invernadero totales (kt de equivalente de CO2),EN.ATM.GHGT.KT.CE,África al sur del Sahara,SSF,1236220,1502100,2066530,2122580,2178000,2227230,2242140,2292760,2320270,2360480,..,..
Emisiones de gases de efecto invernadero totales (kt de equivalente de CO2),EN.ATM.GHGT.KT.CE,África al sur del Sahara (excluido altos ingresos),SSA,1236000,1501430,2066010,2122010,2177460,2226630,2241490,2292070,2319530,2359700,..,..
Emisiones de gases de efecto invernadero totales (kt de equivalente de CO2),EN.ATM.GHGT.KT.CE,África al sur del Sahara (BIRF y la AIF),TSS,1236220,1502100,2066530,2122580,2178000,2227230,2242140,2292760,2320270,2360480,..,..
Emisiones de gases de efecto invernadero totales (kt de equivalente de CO2),EN.ATM.GHGT.KT.CE,Ingreso mediano alto,UMC,10261150,10806520,18978020,19438090,19929050,19964160,19902580,19945090,20273020,20624200,..,..
Emisiones de gases de efecto invernadero totales (kt de equivalente de CO2),EN.ATM.GHGT.KT.CE,Mundo,WLD,29848570,32781530,43022060,43582450,44233530,44438190,44423270,44550150,45117640,45873850,..,..
Emisiones de gases de efecto invernadero totales (kt de equivalente de CO2),EN.ATM.GHGT.KT.CE,Afganistán,AFG,15180,15080,58650,66750,74800,84620,93730,95370,97300,98920,..,..
Emisiones de gases de efecto invernadero totales (kt de equivalente de CO2),EN.ATM.GHGT.KT.CE,Albania,ALB,11310,8220,9630,9240,9440,9930,9850,9720,10290,10080,..,..
Emisiones de gases de efecto invernadero totales (kt de equivalente de CO2),EN.ATM.GHGT.KT.CE,Argelia,DZA,95010,126380,179950,189820,194000,204130,212080,209790,211850,218910,..,..
Emisiones de gases de efecto invernadero totales (kt de equivalente de CO2),EN.ATM.GHGT.KT.CE,Samoa Americana,ASM,..,..,..,..,..,..,..,..,..,..,..,..
Emisiones de gases de efecto invernadero totales (kt de equivalente de CO2),EN.ATM.GHGT.KT.CE,Andorra,AND,430,590,600,600,590,580,580,590,590,590,..,..
Emisiones de gases de efecto invernadero totales (kt de equivalente de CO2),EN.ATM.GHGT.KT.CE,Angola,AGO,42180,49590,86040,84930,88410,88980,90620,91240,87180,79730,..,..
Emisiones de gases de efecto invernadero totales (kt de equivalente de CO2),EN.ATM.GHGT.KT.CE,Antigua y Barbuda,ATG,360,610,1070,1290,1060,1070,1100,1130,1160,1210,..,..
Emisiones de gases de efecto invernadero totales (kt de equivalente de CO2),EN.ATM.GHGT.KT.CE,Argentina,ARG,243030,284590,344800,348940,358180,356100,362560,366370,367320,365650,..,..
Emisiones de gases de efecto invernadero totales (kt de equivalente de CO2),EN.ATM.GHGT.KT.CE,Armenia,ARM,24310,6020,8380,9360,9300,9260,9260,9510,9280,9360,..,..
Emisiones de gases de efecto invernadero totales (kt de equivalente de CO2),EN.ATM.GHGT.KT.CE,Aruba,ABW,..,..,..,..,..,..,..,..,..,..,..,..
Emisiones de gases de efecto invernadero totales (kt de equivalente de CO2),EN.ATM.GHGT.KT.CE,Australia,AUS,503820,608210,673130,670930,581890,593500,594580,573390,619790,615380,..,..
Emisiones de gases de efecto invernadero totales (kt de equivalente de CO2),EN.ATM.GHGT.KT.CE,Austria,AUT,76260,78240,80790,77570,78120,74350,75480,75660,77830,74980,..,..
Emisiones de gases de efecto invernadero totales (kt de equivalente de CO2),EN.ATM.GHGT.KT.CE,Azerbaiyán,AZE,76760,60260,82310,83480,83030,83210,82030,81890,80520,80260,..,..
Emisiones de gases de efecto invernadero totales (kt de equivalente de CO2),EN.ATM.GHGT.KT.CE,Bahamas,BHS,1990,2390,2770,3990,3480,2980,2740,2570,2540,2640,..,..
Emisiones de gases de efecto invernadero totales (kt de equivalente de CO2),EN.ATM.GHGT.KT.CE,Bahrein,BHR,14060,24030,39660,40880,43760,45900,46950,47160,47940,48950,..,..
Emisiones de gases de efecto invernadero totales (kt de equivalente de CO2),EN.ATM.GHGT.KT.CE,Bangladesh,BGD,92360,112250,161700,165250,168630,173510,182600,183500,192420,198970,..,..
Emisiones de gases de efecto invernadero totales (kt de equivalente de CO2),EN.ATM.GHGT.KT.CE,Barbados,BRB,3120,3600,4090,4660,3940,3760,3770,3820,3720,3790,..,..
Emisiones de gases de efecto invernadero totales (kt de equivalente de CO2),EN.ATM.GHGT.KT.CE,Belarús,BLR,137460,78600,87380,88970,89610,88890,84480,83590,85200,88140,..,..
Emisiones de gases de efecto invernadero totales (kt de equivalente de CO2),EN.ATM.GHGT.KT.CE,Bélgica,BEL,130730,138310,112180,111590,112860,106460,111520,110360,108250,108750,..,..
Emisiones de gases de efecto invernadero totales (kt de equivalente de CO2),EN.ATM.GHGT.KT.CE,Belice,BLZ,6560,800,1420,1450,1360,1310,1480,1510,1530,1560,..,..
Emisiones de gases de efecto invernadero totales (kt de equivalente de CO2),EN.ATM.GHGT.KT.CE,Benin,BEN,4760,7790,12480,12500,13200,13790,14430,16100,16270,17380,..,..
Emisiones de gases de efecto invernadero totales (kt de equivalente de CO2),EN.ATM.GHGT.KT.CE,Bermudas,BMU,..,..,..,..,..,..,..,..,..,..,..,..
Emisiones de gases de efecto invernadero totales (kt de equivalente de CO2),EN.ATM.GHGT.KT.CE,Bhután,BTN,1130,1410,1780,1870,1970,2030,2040,2310,2420,2470,..,..
Emisiones de gases de efecto invernadero totales (kt de equivalente de CO2),EN.ATM.GHGT.KT.CE,Bolivia,BOL,23230,30520,47800,49130,50910,51870,53400,55780,56300,56870,..,..
Emisiones de gases de efecto invernadero totales (kt de equivalente de CO2),EN.ATM.GHGT.KT.CE,Bosnia y Herzegovina,BIH,30140,18670,29040,27260,27050,24470,24640,27200,27460,27190,..,..
Emisiones de gases de efecto invernadero totales (kt de equivalente de CO2),EN.ATM.GHGT.KT.CE,Botswana,BWA,13660,14920,27490,16490,15950,14760,14400,13580,17460,16120,..,..
Emisiones de gases de efecto invernadero totales (kt de equivalente de CO2),EN.ATM.GHGT.KT.CE,Brasil,BRA,593950,765600,1004840,1042040,1070850,1105900,1082700,1051690,1064920,1032640,..,..
Emisiones de gases de efecto invernadero totales (kt de equivalente de CO2),EN.ATM.GHGT.KT.CE,Islas Vírgenes Británicas,VGB,..,..,..,..,..,..,..,..,..,..,..,..
Emisiones de gases de efecto invernadero totales (kt de equivalente de CO2),EN.ATM.GHGT.KT.CE,Brunei Darussalam,BRN,13880,16720,17270,17310,17110,16960,15880,16180,16330,16620,..,..
Emisiones de gases de efecto invernadero totales (kt de equivalente de CO2),EN.ATM.GHGT.KT.CE,Bulgaria,BGR,98340,57700,62840,57150,52060,54660,57310,54270,56450,53330,..,..
Emisiones de gases de efecto invernadero totales (kt de equivalente de CO2),EN.ATM.GHGT.KT.CE,Burkina Faso,BFA,12510,16620,25250,25970,26990,27490,28240,29650,30560,30850,..,..
Emisiones de gases de efecto invernadero totales (kt de equivalente de CO2),EN.ATM.GHGT.KT.CE,Burundi,BDI,2940,3050,4010,4070,4430,4370,4350,4750,5390,5520,..,..
Emisiones de gases de efecto invernadero totales (kt de equivalente de CO2),EN.ATM.GHGT.KT.CE,Cabo Verde,CPV,240,400,760,730,720,710,720,770,800,830,..,..
Emisiones de gases de efecto invernadero totales (kt de equivalente de CO2),EN.ATM.GHGT.KT.CE,Camboya,KHM,17280,20450,30580,30310,30600,31550,33720,35390,37840,37460,..,..
Emisiones de gases de efecto invernadero totales (kt de equivalente de CO2),EN.ATM.GHGT.KT.CE,Camerún,CMR,17840,82580,84750,84450,85650,86320,87300,88300,88320,89050,..,..
Emisiones de gases de efecto invernadero totales (kt de equivalente de CO2),EN.ATM.GHGT.KT.CE,Canadá,CAN,559840,671760,689760,694210,705420,712310,707930,695200,709370,724930,..,..
Emisiones de gases de efecto invernadero totales (kt de equivalente de CO2),EN.ATM.GHGT.KT.CE,Islas Caimán,CYM,..,..,..,..,..,..,..,..,..,..,..,..
Emisiones de gases de efecto invernadero totales (kt de equivalente de CO2),EN.ATM.GHGT.KT.CE,República Centroafricana,CAF,34730,46740,48060,46980,50040,51370,53480,55820,54780,55680,..,..
Emisiones de gases de efecto invernadero totales (kt de equivalente de CO2),EN.ATM.GHGT.KT.CE,Chad,TCD,15440,35050,57650,60510,62820,65410,70560,75220,77690,80680,..,..
Emisiones de gases de efecto invernadero totales (kt de equivalente de CO2),EN.ATM.GHGT.KT.CE,Islas del Canal,CHI,..,..,..,..,..,..,..,..,..,..,..,..
Emisiones de gases de efecto invernadero totales (kt de equivalente de CO2),EN.ATM.GHGT.KT.CE,Chile,CHL,47520,71480,99620,101900,104980,98660,104020,108150,109350,109590,..,..
Emisiones de gases de efecto invernadero totales (kt de equivalente de CO2),EN.ATM.GHGT.KT.CE,China,CHN,3222270,4597430,11074550,11399830,11854530,11865310,11859290,11857180,12058050,12355240,..,..
Emisiones de gases de efecto invernadero totales (kt de equivalente de CO2),EN.ATM.GHGT.KT.CE,Colombia,COL,124290,139710,166910,165340,172010,175230,176980,180940,177470,184100,..,..
Emisiones de gases de efecto invernadero totales (kt de equivalente de CO2),EN.ATM.GHGT.KT.CE,Comoras,COM,270,320,450,460,490,490,510,540,580,590,..,..
Emisiones de gases de efecto invernadero totales (kt de equivalente de CO2),EN.ATM.GHGT.KT.CE,"Congo, República Democrática del",COD,42210,35580,51120,52160,55970,57680,57980,57640,59660,58700,..,..
Emisiones de gases de efecto invernadero totales (kt de equivalente de CO2),EN.ATM.GHGT.KT.CE,"Congo, República del",COG,4110,5010,10290,10140,9630,9370,9200,9250,9180,9370,..,..
Emisiones de gases de efecto invernadero totales (kt de equivalente de CO2),EN.ATM.GHGT.KT.CE,Costa Rica,CRI,8850,10700,14270,14230,14720,14770,14630,15540,15710,15810,..,..
Emisiones de gases de efecto invernadero totales (kt de equivalente de CO2),EN.ATM.GHGT.KT.CE,Côte d'Ivoire,CIV,9250,32420,18210,19130,20460,20410,21460,22730,23120,22900,..,..
Emisiones de gases de efecto invernadero totales (kt de equivalente de CO2),EN.ATM.GHGT.KT.CE,Croacia,HRV,28690,25330,25890,23950,22830,22100,22690,22730,23400,22550,..,..
Emisiones de gases de efecto invernadero totales (kt de equivalente de CO2),EN.ATM.GHGT.KT.CE,Cuba,CUB,54480,44590,45950,46190,44850,44520,44560,45650,42480,41860,..,..
Emisiones de gases de efecto invernadero totales (kt de equivalente de CO2),EN.ATM.GHGT.KT.CE,Curacao,CUW,..,..,..,..,..,..,..,..,..,..,..,..
Emisiones de gases de efecto invernadero totales (kt de equivalente de CO2),EN.ATM.GHGT.KT.CE,Chipre,CYP,5410,8100,8880,8370,7700,8080,8140,8540,8680,8600,..,..
Emisiones de gases de efecto invernadero totales (kt de equivalente de CO2),EN.ATM.GHGT.KT.CE,República Checa,CZE,182340,144130,131780,128370,123090,120360,122290,124090,124120,122840,..,..
Emisiones de gases de efecto invernadero totales (kt de equivalente de CO2),EN.ATM.GHGT.KT.CE,Dinamarca,DNK,68170,68470,56460,51390,52940,48690,46610,48330,46160,45870,..,..
Emisiones de gases de efecto invernadero totales (kt de equivalente de CO2),EN.ATM.GHGT.KT.CE,Djibouti,DJI,990,1270,1420,1460,1520,1430,1520,1470,1460,1480,..,..
Emisiones de gases de efecto invernadero totales (kt de equivalente de CO2),EN.ATM.GHGT.KT.CE,Dominica,DMA,190,200,240,320,240,250,250,250,230,240,..,..
Emisiones de gases de efecto invernadero totales (kt de equivalente de CO2),EN.ATM.GHGT.KT.CE,República Dominicana,DOM,15900,27500,33390,34160,33930,34170,36520,37790,37010,39060,..,..
Emisiones de gases de efecto invernadero totales (kt de equivalente de CO2),EN.ATM.GHGT.KT.CE,Ecuador,ECU,33820,42360,62780,63970,66980,67820,66420,65010,64060,65680,..,..
Emisiones de gases de efecto invernadero totales (kt de equivalente de CO2),EN.ATM.GHGT.KT.CE,"Egipto, República Árabe de",EGY,129840,181320,283190,293980,291230,297280,306350,315780,320370,329220,..,..
Emisiones de gases de efecto invernadero totales (kt de equivalente de CO2),EN.ATM.GHGT.KT.CE,El Salvador,SLV,7170,10760,12550,12700,11940,12260,12700,12720,11940,12350,..,..
Emisiones de gases de efecto invernadero totales (kt de equivalente de CO2),EN.ATM.GHGT.KT.CE,Guinea Ecuatorial,GNQ,210,10300,25530,25380,24270,22560,21160,19140,18700,19270,..,..
Emisiones de gases de efecto invernadero totales (kt de equivalente de CO2),EN.ATM.GHGT.KT.CE,Eritrea,ERI,3690,7870,7620,7530,7420,7300,7140,7250,7340,7480,..,..
Emisiones de gases de efecto invernadero totales (kt de equivalente de CO2),EN.ATM.GHGT.KT.CE,Estonia,EST,39150,17530,20690,19460,21870,20540,18110,18280,18920,18610,..,..
Emisiones de gases de efecto invernadero totales (kt de equivalente de CO2),EN.ATM.GHGT.KT.CE,Eswatini,SWZ,2700,3010,2940,3010,3520,2950,3000,3200,3050,3120,..,..
Emisiones de gases de efecto invernadero totales (kt de equivalente de CO2),EN.ATM.GHGT.KT.CE,Etiopía,ETH,66410,83310,133090,140650,147510,155660,161090,167190,170620,172230,..,..
Emisiones de gases de efecto invernadero totales (kt de equivalente de CO2),EN.ATM.GHGT.KT.CE,Islas Feroe,FRO,..,..,..,..,..,..,..,..,..,..,..,..
Emisiones de gases de efecto invernadero totales (kt de equivalente de CO2),EN.ATM.GHGT.KT.CE,Fiji,FJI,1820,2070,2370,2350,2510,2740,2370,2610,2730,2820,..,..
Emisiones de gases de efecto invernadero totales (kt de equivalente de CO2),EN.ATM.GHGT.KT.CE,Finlandia,FIN,69400,68450,66100,60380,61120,57000,53550,56260,53320,54490,..,..
Emisiones de gases de efecto invernadero totales (kt de equivalente de CO2),EN.ATM.GHGT.KT.CE,Francia,FRA,502750,508560,453510,456320,457250,424130,430140,430020,432380,423350,..,..
Emisiones de gases de efecto invernadero totales (kt de equivalente de CO2),EN.ATM.GHGT.KT.CE,Polinesia Francesa,PYF,..,..,..,..,..,..,..,..,..,..,..,..
Emisiones de gases de efecto invernadero totales (kt de equivalente de CO2),EN.ATM.GHGT.KT.CE,Gabón,GAB,7440,6030,7750,8030,8040,7860,7970,8360,7530,7460,..,..
Emisiones de gases de efecto invernadero totales (kt de equivalente de CO2),EN.ATM.GHGT.KT.CE,Gambia,GMB,4410,2470,2260,2360,2440,2590,2620,2660,2700,2790,..,..
Emisiones de gases de efecto invernadero totales (kt de equivalente de CO2),EN.ATM.GHGT.KT.CE,Georgia,GEO,52150,14020,14380,15260,16040,16630,16970,17390,17190,16900,..,..
Emisiones de gases de efecto invernadero totales (kt de equivalente de CO2),EN.ATM.GHGT.KT.CE,Alemania,DEU,1160210,975830,852550,866670,883920,843660,847460,850170,832650,806090,..,..
Emisiones de gases de efecto invernadero totales (kt de equivalente de CO2),EN.ATM.GHGT.KT.CE,Ghana,GHA,12810,20390,32400,35340,38240,38820,41450,41280,42920,44500,..,..
Emisiones de gases de efecto invernadero totales (kt de equivalente de CO2),EN.ATM.GHGT.KT.CE,Gibraltar,GIB,..,..,..,..,..,..,..,..,..,..,..,..
Emisiones de gases de efecto invernadero totales (kt de equivalente de CO2),EN.ATM.GHGT.KT.CE,Grecia,GRC,95350,117920,105760,100600,92970,89910,88180,86900,86510,84750,..,..
Emisiones de gases de efecto invernadero totales (kt de equivalente de CO2),EN.ATM.GHGT.KT.CE,Groenlandia,GRL,..,..,..,..,..,..,..,..,..,..,..,..
Emisiones de gases de efecto invernadero totales (kt de equivalente de CO2),EN.ATM.GHGT.KT.CE,Granada,GRD,1840,2070,2270,2410,2320,2260,2290,2310,2330,2360,..,..
Emisiones de gases de efecto invernadero totales (kt de equivalente de CO2),EN.ATM.GHGT.KT.CE,Guam,GUM,..,..,..,..,..,..,..,..,..,..,..,..
Emisiones de gases de efecto invernadero totales (kt de equivalente de CO2),EN.ATM.GHGT.KT.CE,Guatemala,GTM,12190,20920,27070,27780,28900,30120,32990,34310,33570,35400,..,..
Emisiones de gases de efecto invernadero totales (kt de equivalente de CO2),EN.ATM.GHGT.KT.CE,Guinea,GIN,10050,13180,22550,24010,24270,24990,25680,28610,28810,28890,..,..
Emisiones de gases de efecto invernadero totales (kt de equivalente de CO2),EN.ATM.GHGT.KT.CE,Guinea-Bissau,GNB,1580,1730,2340,2530,2500,2500,2620,2650,2740,2800,..,..
Emisiones de gases de efecto invernadero totales (kt de equivalente de CO2),EN.ATM.GHGT.KT.CE,Guyana,GUY,2580,3640,4100,4360,4520,4730,4830,4720,4830,5040,..,..
Emisiones de gases de efecto invernadero totales (kt de equivalente de CO2),EN.ATM.GHGT.KT.CE,Haití,HTI,5060,7050,8970,8710,9000,9360,9680,9890,9900,9930,..,..
Emisiones de gases de efecto invernadero totales (kt de equivalente de CO2),EN.ATM.GHGT.KT.CE,Honduras,HND,11900,13180,19920,20300,20880,21120,21560,21500,21300,22400,..,..
Emisiones de gases de efecto invernadero totales (kt de equivalente de CO2),EN.ATM.GHGT.KT.CE,"Hong Kong, Región Administrativa Especial",HKG,..,..,..,..,..,..,..,..,..,..,..,..
Emisiones de gases de efecto invernadero totales (kt de equivalente de CO2),EN.ATM.GHGT.KT.CE,Hungría,HUN,89120,71050,61350,57470,55130,55400,58330,58960,60880,60920,..,..
Emisiones de gases de efecto invernadero totales (kt de equivalente de CO2),EN.ATM.GHGT.KT.CE,Islandia,ISL,3360,3420,3070,3060,3220,3290,3330,3300,3420,3440,..,..
Emisiones de gases de efecto invernadero totales (kt de equivalente de CO2),EN.ATM.GHGT.KT.CE,India,IND,1226440,1717560,2671200,2814000,2875980,3048790,3063650,3103110,3229920,3374990,..,..
Emisiones de gases de efecto invernadero totales (kt de equivalente de CO2),EN.ATM.GHGT.KT.CE,Indonesia,IDN,506470,667880,822480,827220,796880,845070,852000,866360,912420,969580,..,..
Emisiones de gases de efecto invernadero totales (kt de equivalente de CO2),EN.ATM.GHGT.KT.CE,"Irán, República Islámica del",IRN,260940,466760,750700,761050,781950,794190,786500,795970,814730,828280,..,..
Emisiones de gases de efecto invernadero totales (kt de equivalente de CO2),EN.ATM.GHGT.KT.CE,Iraq,IRQ,78780,90630,153590,175600,186900,193680,185770,197300,200790,215690,..,..
Emisiones de gases de efecto invernadero totales (kt de equivalente de CO2),EN.ATM.GHGT.KT.CE,Irlanda,IRL,56570,71230,60650,62310,61380,61540,63350,65880,65250,65090,..,..
Emisiones de gases de efecto invernadero totales (kt de equivalente de CO2),EN.ATM.GHGT.KT.CE,Isla de Man,IMN,..,..,..,..,..,..,..,..,..,..,..,..
Emisiones de gases de efecto invernadero totales (kt de equivalente de CO2),EN.ATM.GHGT.KT.CE,Israel,ISR,43980,73610,89590,96710,88550,87150,89510,89420,91060,87830,..,..
Emisiones de gases de efecto invernadero totales (kt de equivalente de CO2),EN.ATM.GHGT.KT.CE,Italia,ITA,491250,522470,474590,456710,424930,405240,416150,411450,405770,399600,..,..
Emisiones de gases de efecto invernadero totales (kt de equivalente de CO2),EN.ATM.GHGT.KT.CE,Jamaica,JAM,9030,11780,9010,8570,9050,8890,8780,9230,8690,10020,..,..
Emisiones de gases de efecto invernadero totales (kt de equivalente de CO2),EN.ATM.GHGT.KT.CE,Japón,JPN,1185030,1274300,1284770,1327040,1338630,1300990,1265070,1257730,1235370,1186770,..,..
Emisiones de gases de efecto invernadero totales (kt de equivalente de CO2),EN.ATM.GHGT.KT.CE,Jordania,JOR,18670,20900,28550,32120,32420,34680,34970,35070,36740,35810,..,..
Emisiones de gases de efecto invernadero totales (kt de equivalente de CO2),EN.ATM.GHGT.KT.CE,Kazajstán,KAZ,309010,148040,294130,294140,307440,258090,259340,274520,283580,274220,..,..
Emisiones de gases de efecto invernadero totales (kt de equivalente de CO2),EN.ATM.GHGT.KT.CE,Kenya,KEN,38490,39680,67080,66430,68440,71370,73990,79550,76750,78830,..,..
Emisiones de gases de efecto invernadero totales (kt de equivalente de CO2),EN.ATM.GHGT.KT.CE,Kiribati,KIR,40,50,80,80,90,90,90,100,100,110,..,..
Emisiones de gases de efecto invernadero totales (kt de equivalente de CO2),EN.ATM.GHGT.KT.CE,"Corea, República Popular Democrática de",PRK,159020,89640,59670,61410,50830,54550,48430,53460,46000,41910,..,..
Emisiones de gases de efecto invernadero totales (kt de equivalente de CO2),EN.ATM.GHGT.KT.CE,"Corea, República de",KOR,286680,511790,670790,675290,675000,664250,685800,696930,710340,718880,..,..
Emisiones de gases de efecto invernadero totales (kt de equivalente de CO2),EN.ATM.GHGT.KT.CE,Kosovo,XKX,..,..,..,..,..,..,..,..,..,..,..,..
Emisiones de gases de efecto invernadero totales (kt de equivalente de CO2),EN.ATM.GHGT.KT.CE,Kuwait,KWT,32070,53600,93590,97460,100560,100320,106220,109840,111460,112970,..,..
Emisiones de gases de efecto invernadero totales (kt de equivalente de CO2),EN.ATM.GHGT.KT.CE,Kirguistán,KGZ,32650,9660,13750,16340,15870,16410,16960,16510,16240,18120,..,..
Emisiones de gases de efecto invernadero totales (kt de equivalente de CO2),EN.ATM.GHGT.KT.CE,República Democrática Popular Lao,LAO,7860,8070,12120,13110,13810,14480,19020,26150,29200,29270,..,..
Emisiones de gases de efecto invernadero totales (kt de equivalente de CO2),EN.ATM.GHGT.KT.CE,Letonia,LVA,25380,10490,11750,11540,11490,11440,11500,11340,11260,11660,..,..
Emisiones de gases de efecto invernadero totales (kt de equivalente de CO2),EN.ATM.GHGT.KT.CE,Líbano,LBN,7220,18770,25760,28360,28350,30310,32660,33790,35600,34350,..,..
Emisiones de gases de efecto invernadero totales (kt de equivalente de CO2),EN.ATM.GHGT.KT.CE,Lesotho,LSO,3310,4080,5100,5280,5280,5390,5390,5420,5780,5850,..,..
Emisiones de gases de efecto invernadero totales (kt de equivalente de CO2),EN.ATM.GHGT.KT.CE,Liberia,LBR,3600,3380,5820,6560,7130,8110,8910,9080,9020,9200,..,..
Emisiones de gases de efecto invernadero totales (kt de equivalente de CO2),EN.ATM.GHGT.KT.CE,Libia,LBY,105320,111300,115160,117930,109150,102270,84880,86620,96580,103040,..,..
Emisiones de gases de efecto invernadero totales (kt de equivalente de CO2),EN.ATM.GHGT.KT.CE,Liechtenstein,LIE,230,240,210,220,230,200,190,190,190,180,..,..
Emisiones de gases de efecto invernadero totales (kt de equivalente de CO2),EN.ATM.GHGT.KT.CE,Lituania,LTU,45200,19620,19980,19900,19000,18550,18800,18820,18730,18840,..,..
Emisiones de gases de efecto invernadero totales (kt de equivalente de CO2),EN.ATM.GHGT.KT.CE,Luxemburgo,LUX,12200,9400,11830,11580,11050,10560,10050,9770,9920,10220,..,..
Emisiones de gases de efecto invernadero totales (kt de equivalente de CO2),EN.ATM.GHGT.KT.CE,"Región Administrativa Especial de Macao, China",MAC,..,..,..,..,..,..,..,..,..,..,..,..
Emisiones de gases de efecto invernadero totales (kt de equivalente de CO2),EN.ATM.GHGT.KT.CE,Madagascar,MDG,26260,27550,29120,30480,29200,29680,30000,31000,29620,30570,..,..
Emisiones de gases de efecto invernadero totales (kt de equivalente de CO2),EN.ATM.GHGT.KT.CE,Malawi,MWI,10920,8760,12440,13120,13960,14900,15820,16190,16950,18320,..,..
Emisiones de gases de efecto invernadero totales (kt de equivalente de CO2),EN.ATM.GHGT.KT.CE,Malasia,MYS,90370,166030,263030,265900,282940,296240,297970,294860,289730,306670,..,..
Emisiones de gases de efecto invernadero totales (kt de equivalente de CO2),EN.ATM.GHGT.KT.CE,Maldivas,MDV,210,560,1220,1380,1390,1650,1660,2120,2230,2380,..,..
Emisiones de gases de efecto invernadero totales (kt de equivalente de CO2),EN.ATM.GHGT.KT.CE,Malí,MLI,15820,22640,32760,33430,34620,35190,36670,41040,42140,43740,..,..
Emisiones de gases de efecto invernadero totales (kt de equivalente de CO2),EN.ATM.GHGT.KT.CE,Malta,MLT,2520,2410,2980,3160,2830,2840,2160,1870,2010,2040,..,..
Emisiones de gases de efecto invernadero totales (kt de equivalente de CO2),EN.ATM.GHGT.KT.CE,Islas Marshall,MHL,..,130,180,180,180,190,190,220,220,240,..,..
Emisiones de gases de efecto invernadero totales (kt de equivalente de CO2),EN.ATM.GHGT.KT.CE,Mauritania,MRT,6720,9150,11220,11670,11670,12150,12830,13250,13920,14080,..,..
Emisiones de gases de efecto invernadero totales (kt de equivalente de CO2),EN.ATM.GHGT.KT.CE,Mauricio,MUS,2280,4300,5830,5990,6120,6330,6370,6530,6720,6740,..,..
Emisiones de gases de efecto invernadero totales (kt de equivalente de CO2),EN.ATM.GHGT.KT.CE,México,MEX,392910,531670,664660,659240,652690,645940,670100,682910,678120,679880,..,..
Emisiones de gases de efecto invernadero totales (kt de equivalente de CO2),EN.ATM.GHGT.KT.CE,Micronesia (Estados Federados de),FSM,..,200,200,210,220,220,230,260,260,270,..,..
Emisiones de gases de efecto invernadero totales (kt de equivalente de CO2),EN.ATM.GHGT.KT.CE,República de Moldova,MDA,38420,11460,12690,12450,11590,12220,12470,12670,12700,13180,..,..
Emisiones de gases de efecto invernadero totales (kt de equivalente de CO2),EN.ATM.GHGT.KT.CE,Mónaco,MCO,..,..,..,..,..,..,..,..,..,..,..,..
Emisiones de gases de efecto invernadero totales (kt de equivalente de CO2),EN.ATM.GHGT.KT.CE,Mongolia,MNG,30130,30050,35710,39140,41590,44130,45710,48090,50880,52620,..,..
Emisiones de gases de efecto invernadero totales (kt de equivalente de CO2),EN.ATM.GHGT.KT.CE,Montenegro,MNE,2580,2500,4030,3790,3660,3560,3650,3400,3520,3800,..,..
Emisiones de gases de efecto invernadero totales (kt de equivalente de CO2),EN.ATM.GHGT.KT.CE,Marruecos,MAR,39680,52470,82170,84440,85260,87050,89790,88660,93090,94290,..,..
Emisiones de gases de efecto invernadero totales (kt de equivalente de CO2),EN.ATM.GHGT.KT.CE,Mozambique,MOZ,19910,19650,27960,29190,30630,32470,32910,31910,32410,35040,..,..
Emisiones de gases de efecto invernadero totales (kt de equivalente de CO2),EN.ATM.GHGT.KT.CE,Myanmar,MMR,55400,73310,88990,92790,96110,101600,104970,109430,119660,119650,..,..
Emisiones de gases de efecto invernadero totales (kt de equivalente de CO2),EN.ATM.GHGT.KT.CE,Namibia,NAM,..,10810,17900,19490,12700,11970,12100,12840,12890,11930,..,..
Emisiones de gases de efecto invernadero totales (kt de equivalente de CO2),EN.ATM.GHGT.KT.CE,Nauru,NRU,130,90,50,50,50,60,60,70,70,80,..,..
Emisiones de gases de efecto invernadero totales (kt de equivalente de CO2),EN.ATM.GHGT.KT.CE,Nepal,NPL,21760,30330,39020,40940,41840,43860,43670,47070,49580,51240,..,..
Emisiones de gases de efecto invernadero totales (kt de equivalente de CO2),EN.ATM.GHGT.KT.CE,Países Bajos,NLD,203960,207110,188890,187110,186690,179380,188330,188160,184550,178640,..,..
Emisiones de gases de efecto invernadero totales (kt de equivalente de CO2),EN.ATM.GHGT.KT.CE,Nueva Caledonia,NCL,..,..,..,..,..,..,..,..,..,..,..,..
Emisiones de gases de efecto invernadero totales (kt de equivalente de CO2),EN.ATM.GHGT.KT.CE,Nueva Zelandia,NZL,71050,77190,79400,81670,81240,81740,81690,80410,82060,81330,..,..
Emisiones de gases de efecto invernadero totales (kt de equivalente de CO2),EN.ATM.GHGT.KT.CE,Nicaragua,NIC,9960,12780,16390,16760,16980,17870,18840,19040,18960,19070,..,..
Emisiones de gases de efecto invernadero totales (kt de equivalente de CO2),EN.ATM.GHGT.KT.CE,Níger,NER,13350,20210,31290,33750,35580,37810,39610,41330,43050,45050,..,..
Emisiones de gases de efecto invernadero totales (kt de equivalente de CO2),EN.ATM.GHGT.KT.CE,Nigeria,NGA,201330,189750,253110,257540,271940,281650,277140,284340,291170,311450,..,..
Emisiones de gases de efecto invernadero totales (kt de equivalente de CO2),EN.ATM.GHGT.KT.CE,Macedonia del Norte,MKD,13980,11820,12690,12120,11240,10820,10560,10530,11010,10510,..,..
Emisiones de gases de efecto invernadero totales (kt de equivalente de CO2),EN.ATM.GHGT.KT.CE,Mariana,MNP,..,..,..,..,..,..,..,..,..,..,..,..
Emisiones de gases de efecto invernadero totales (kt de equivalente de CO2),EN.ATM.GHGT.KT.CE,Noruega,NOR,45950,47280,50120,48980,48060,48310,48580,47980,46920,47340,..,..
Emisiones de gases de efecto invernadero totales (kt de equivalente de CO2),EN.ATM.GHGT.KT.CE,Omán,OMN,14790,27100,58730,65340,68280,72070,76260,77840,78490,82300,..,..
Emisiones de gases de efecto invernadero totales (kt de equivalente de CO2),EN.ATM.GHGT.KT.CE,Pakistán,PAK,158450,228010,323170,326970,337420,351040,365780,389400,414600,431220,..,..
Emisiones de gases de efecto invernadero totales (kt de equivalente de CO2),EN.ATM.GHGT.KT.CE,Palau,PLW,..,230,240,240,240,250,250,290,300,320,..,..
Emisiones de gases de efecto invernadero totales (kt de equivalente de CO2),EN.ATM.GHGT.KT.CE,Panamá,PAN,8110,10230,16970,17680,18030,18630,18090,18300,17900,18010,..,..
Emisiones de gases de efecto invernadero totales (kt de equivalente de CO2),EN.ATM.GHGT.KT.CE,Papua Nueva Guinea,PNG,8480,13790,16390,17120,18350,20040,21670,22680,22900,22970,..,..
Emisiones de gases de efecto invernadero totales (kt de equivalente de CO2),EN.ATM.GHGT.KT.CE,Paraguay,PRY,32320,30890,41900,43280,44800,46870,47310,48060,50540,49170,..,..
Emisiones de gases de efecto invernadero totales (kt de equivalente de CO2),EN.ATM.GHGT.KT.CE,Perú,PER,43970,62310,88120,88380,89840,93240,94880,98040,96040,96280,..,..
Emisiones de gases de efecto invernadero totales (kt de equivalente de CO2),EN.ATM.GHGT.KT.CE,Filipinas,PHL,95750,142340,163300,168460,179820,187640,196720,209480,225870,232340,..,..
Emisiones de gases de efecto invernadero totales (kt de equivalente de CO2),EN.ATM.GHGT.KT.CE,Polonia,POL,442310,372230,387760,380780,375430,362360,366250,377190,390070,389650,..,..
Emisiones de gases de efecto invernadero totales (kt de equivalente de CO2),EN.ATM.GHGT.KT.CE,Portugal,PRT,56310,78790,67110,65410,63700,63320,67430,66380,70950,66820,..,..
Emisiones de gases de efecto invernadero totales (kt de equivalente de CO2),EN.ATM.GHGT.KT.CE,Puerto Rico,PRI,..,..,..,..,..,..,..,..,..,..,..,..
Emisiones de gases de efecto invernadero totales (kt de equivalente de CO2),EN.ATM.GHGT.KT.CE,Qatar,QAT,14080,24230,72840,80860,82700,88940,92460,94700,97340,99830,..,..
Emisiones de gases de efecto invernadero totales (kt de equivalente de CO2),EN.ATM.GHGT.KT.CE,Rumania,ROU,245210,134090,119570,116870,107300,106410,108090,105850,108560,109010,..,..
Emisiones de gases de efecto invernadero totales (kt de equivalente de CO2),EN.ATM.GHGT.KT.CE,Federación de Rusia,RUS,3251770,2194340,2546200,2566170,2529020,2521740,2475690,2470100,2494150,2543400,..,..
Emisiones de gases de efecto invernadero totales (kt de equivalente de CO2),EN.ATM.GHGT.KT.CE,Rwanda,RWA,3770,3890,5040,5200,5360,5400,6070,6030,6090,6170,..,..
Emisiones de gases de efecto invernadero totales (kt de equivalente de CO2),EN.ATM.GHGT.KT.CE,Samoa,WSM,360,440,530,540,550,570,620,660,670,690,..,..
Emisiones de gases de efecto invernadero totales (kt de equivalente de CO2),EN.ATM.GHGT.KT.CE,San Marino,SMR,..,..,..,..,..,..,..,..,..,..,..,..
Emisiones de gases de efecto invernadero totales (kt de equivalente de CO2),EN.ATM.GHGT.KT.CE,Santo Tomé y Príncipe,STP,90,100,150,170,170,170,170,180,190,190,..,..
Emisiones de gases de efecto invernadero totales (kt de equivalente de CO2),EN.ATM.GHGT.KT.CE,Arabia Saudita,SAU,190640,291540,534210,568100,585810,629390,660370,664170,656080,638120,..,..
Emisiones de gases de efecto invernadero totales (kt de equivalente de CO2),EN.ATM.GHGT.KT.CE,Senegal,SEN,13770,19670,25490,25120,26500,27140,28070,29770,29750,29990,..,..
Emisiones de gases de efecto invernadero totales (kt de equivalente de CO2),EN.ATM.GHGT.KT.CE,Serbia,SRB,82030,60230,68460,63720,64510,56600,62910,64180,64500,62600,..,..
Emisiones de gases de efecto invernadero totales (kt de equivalente de CO2),EN.ATM.GHGT.KT.CE,Seychelles,SYC,220,670,520,570,540,600,650,690,740,780,..,..
Emisiones de gases de efecto invernadero totales (kt de equivalente de CO2),EN.ATM.GHGT.KT.CE,Sierra Leona,SLE,4030,3010,6000,7110,7070,7530,7460,7640,7470,7190,..,..
Emisiones de gases de efecto invernadero totales (kt de equivalente de CO2),EN.ATM.GHGT.KT.CE,Singapur,SGP,31610,55300,59100,58710,59620,60830,62560,63960,65970,66640,..,..
Emisiones de gases de efecto invernadero totales (kt de equivalente de CO2),EN.ATM.GHGT.KT.CE,Sint Maarten (Dutch part),SXM,..,..,..,..,..,..,..,..,..,..,..,..
Emisiones de gases de efecto invernadero totales (kt de equivalente de CO2),EN.ATM.GHGT.KT.CE,República Eslovaca,SVK,66990,46200,41670,39350,40000,37340,37770,38580,40480,39930,..,..
Emisiones de gases de efecto invernadero totales (kt de equivalente de CO2),EN.ATM.GHGT.KT.CE,Eslovenia,SVN,17760,18120,19020,18420,17780,16230,16310,17130,17310,17170,..,..
Emisiones de gases de efecto invernadero totales (kt de equivalente de CO2),EN.ATM.GHGT.KT.CE,Islas Salomón,SLB,400,550,780,800,850,820,800,880,900,940,..,..
Emisiones de gases de efecto invernadero totales (kt de equivalente de CO2),EN.ATM.GHGT.KT.CE,Somalia,SOM,25140,26060,26440,26750,26900,27050,27110,27070,26920,26970,..,..
Emisiones de gases de efecto invernadero totales (kt de equivalente de CO2),EN.ATM.GHGT.KT.CE,Sudáfrica,ZAF,312740,344130,484250,503110,513020,525050,501090,501550,514600,513440,..,..
Emisiones de gases de efecto invernadero totales (kt de equivalente de CO2),EN.ATM.GHGT.KT.CE,Sudán del Sur,SSD,28600,53610,65180,66940,62550,59950,57410,58440,56020,58660,..,..
Emisiones de gases de efecto invernadero totales (kt de equivalente de CO2),EN.ATM.GHGT.KT.CE,España,ESP,275270,369840,348820,342540,316480,314950,325510,315830,332170,326940,..,..
Emisiones de gases de efecto invernadero totales (kt de equivalente de CO2),EN.ATM.GHGT.KT.CE,Sri Lanka,LKA,24500,21200,28490,29860,27740,30600,33900,35290,35920,35240,..,..
Emisiones de gases de efecto invernadero totales (kt de equivalente de CO2),EN.ATM.GHGT.KT.CE,Saint Kitts y Nevis,KNA,190,280,370,450,330,340,350,350,350,370,..,..
Emisiones de gases de efecto invernadero totales (kt de equivalente de CO2),EN.ATM.GHGT.KT.CE,Santa Lucía,LCA,890,620,680,830,640,690,710,690,710,740,..,..
Emisiones de gases de efecto invernadero totales (kt de equivalente de CO2),EN.ATM.GHGT.KT.CE,Isla de San Martín (parte francesa),MAF,..,..,..,..,..,..,..,..,..,..,..,..
Emisiones de gases de efecto invernadero totales (kt de equivalente de CO2),EN.ATM.GHGT.KT.CE,San Vicente y las Granadinas,VCT,160,240,310,480,300,370,300,350,350,370,..,..
Emisiones de gases de efecto invernadero totales (kt de equivalente de CO2),EN.ATM.GHGT.KT.CE,Sudán,SDN,51990,77600,94530,99320,99640,100830,104470,109010,108910,109630,..,..
Emisiones de gases de efecto invernadero totales (kt de equivalente de CO2),EN.ATM.GHGT.KT.CE,Suriname,SUR,2860,2710,3620,4090,3940,4380,4480,4060,3900,3780,..,..
Emisiones de gases de efecto invernadero totales (kt de equivalente de CO2),EN.ATM.GHGT.KT.CE,Suecia,SWE,68390,67380,56110,53230,51530,50120,50050,49520,49070,46350,..,..
Emisiones de gases de efecto invernadero totales (kt de equivalente de CO2),EN.ATM.GHGT.KT.CE,Suiza,CHE,52650,52360,50020,51250,52270,48470,47710,48190,47200,46020,..,..
Emisiones de gases de efecto invernadero totales (kt de equivalente de CO2),EN.ATM.GHGT.KT.CE,República Árabe Siria,SYR,58520,78010,89570,75930,56280,49100,44380,44930,47540,46320,..,..
Emisiones de gases de efecto invernadero totales (kt de equivalente de CO2),EN.ATM.GHGT.KT.CE,Tayikistán,TJK,17790,6720,9060,9840,10260,11700,12280,13650,14200,15210,..,..
Emisiones de gases de efecto invernadero totales (kt de equivalente de CO2),EN.ATM.GHGT.KT.CE,Tanzanía,TZA,44380,49270,81790,87950,93940,97650,103820,104660,103330,105380,..,..
Emisiones de gases de efecto invernadero totales (kt de equivalente de CO2),EN.ATM.GHGT.KT.CE,Tailandia,THA,159660,255430,362400,383440,395710,390010,392810,395180,413200,416950,..,..
Emisiones de gases de efecto invernadero totales (kt de equivalente de CO2),EN.ATM.GHGT.KT.CE,Timor-Leste,TLS,450,670,6940,6920,6900,6860,6890,6770,6390,6190,..,..
Emisiones de gases de efecto invernadero totales (kt de equivalente de CO2),EN.ATM.GHGT.KT.CE,Togo,TGO,4170,5220,8000,7480,7320,7050,7790,8240,8010,8420,..,..
Emisiones de gases de efecto invernadero totales (kt de equivalente de CO2),EN.ATM.GHGT.KT.CE,Tonga,TON,250,240,250,260,260,270,270,310,340,350,..,..
Emisiones de gases de efecto invernadero totales (kt de equivalente de CO2),EN.ATM.GHGT.KT.CE,Trinidad y Tobago,TTO,15150,15970,26410,25620,26520,25990,25600,22840,23070,22900,..,..
Emisiones de gases de efecto invernadero totales (kt de equivalente de CO2),EN.ATM.GHGT.KT.CE,Túnez,TUN,19850,30470,36290,37240,37120,39360,40170,39730,40720,41100,..,..
Emisiones de gases de efecto invernadero totales (kt de equivalente de CO2),EN.ATM.GHGT.KT.CE,Turquía,TUR,206210,284420,396910,411020,402240,427120,433850,460820,502670,502520,..,..
Emisiones de gases de efecto invernadero totales (kt de equivalente de CO2),EN.ATM.GHGT.KT.CE,Turkmenistán,TKM,79180,69800,101660,108940,114270,119770,126150,125940,125620,125080,..,..
Emisiones de gases de efecto invernadero totales (kt de equivalente de CO2),EN.ATM.GHGT.KT.CE,Islas Turcas y Caicos,TCA,..,..,..,..,..,..,..,..,..,..,..,..
Emisiones de gases de efecto invernadero totales (kt de equivalente de CO2),EN.ATM.GHGT.KT.CE,Tuvalu,TUV,20,20,20,20,20,20,20,30,30,30,..,..
Emisiones de gases de efecto invernadero totales (kt de equivalente de CO2),EN.ATM.GHGT.KT.CE,Uganda,UGA,17970,23060,43710,45660,46670,48380,50190,52850,53950,54870,..,..
Emisiones de gases de efecto invernadero totales (kt de equivalente de CO2),EN.ATM.GHGT.KT.CE,Ucrania,UKR,922420,433670,391160,379030,368050,332020,279070,290100,264100,274510,..,..
Emisiones de gases de efecto invernadero totales (kt de equivalente de CO2),EN.ATM.GHGT.KT.CE,Emiratos Árabes Unidos,ARE,69710,113340,214630,226570,237630,240020,252850,259650,269820,263240,..,..
Emisiones de gases de efecto invernadero totales (kt de equivalente de CO2),EN.ATM.GHGT.KT.CE,Reino Unido,GBR,757350,684830,551940,573410,554670,513800,497740,475240,461190,452080,..,..
Emisiones de gases de efecto invernadero totales (kt de equivalente de CO2),EN.ATM.GHGT.KT.CE,Estados Unidos,USA,5960280,6861150,6214430,5968740,6108670,6129040,6003650,5907270,5842800,6023620,..,..
Emisiones de gases de efecto invernadero totales (kt de equivalente de CO2),EN.ATM.GHGT.KT.CE,Uruguay,URY,28780,32280,37550,38420,37420,36900,36660,37050,36110,36160,..,..
Emisiones de gases de efecto invernadero totales (kt de equivalente de CO2),EN.ATM.GHGT.KT.CE,Uzbekistán,UZB,198680,226170,242350,230380,232950,226090,222860,230900,234920,235510,..,..
Emisiones de gases de efecto invernadero totales (kt de equivalente de CO2),EN.ATM.GHGT.KT.CE,Vanuatu,VUT,490,590,760,760,760,820,810,860,850,870,..,..
Emisiones de gases de efecto invernadero totales (kt de equivalente de CO2),EN.ATM.GHGT.KT.CE,Venezuela,VEN,179990,228000,259660,279300,284140,285460,270980,257600,243570,233920,..,..
Emisiones de gases de efecto invernadero totales (kt de equivalente de CO2),EN.ATM.GHGT.KT.CE,Viet Nam,VNM,72550,134560,257880,258290,268770,283000,327320,341580,340420,376530,..,..
Emisiones de gases de efecto invernadero totales (kt de equivalente de CO2),EN.ATM.GHGT.KT.CE,Islas Vírgenes (EE.UU.),VIR,..,..,..,..,..,..,..,..,..,..,..,..
Emisiones de gases de efecto invernadero totales (kt de equivalente de CO2),EN.ATM.GHGT.KT.CE,Ribera Occidental y Gaza,PSE,..,..,..,..,..,..,..,..,..,..,..,..
Emisiones de gases de efecto invernadero totales (kt de equivalente de CO2),EN.ATM.GHGT.KT.CE,"Yemen, Rep. del",YEM,12370,22250,32390,31470,38350,38810,26050,22740,21970,21760,..,..
Emisiones de gases de efecto invernadero totales (kt de equivalente de CO2),EN.ATM.GHGT.KT.CE,Zambia,ZMB,45340,25680,32210,36130,37220,37680,38840,39100,39670,40670,..,..
Emisiones de gases de efecto invernadero totales (kt de equivalente de CO2),EN.ATM.GHGT.KT.CE,Zimbabwe,ZWE,32580,31810,30550,30780,30860,29350,31280,29120,28800,31380,..,..
,,,,,,,,,,,,,,,
,,,,,,,,,,,,,,,
,,,,,,,,,,,,,,,
Data from Database: Indicadores del desarrollo mundial,,,,,,,,,,,,,,,
Last Updated: 02/15/2022,,,,,,,,,,,,,,,
